{
	"class_name" : "PinholeCameraParameters",
	"extrinsic" : 
	[
		0.15690929798205336,
		-0.84733333972030234,
		-0.50735163703807828,
		0.0,
		0.82925460439231524,
		0.39204477347275202,
		-0.39829348059796732,
		0.0,
		0.53639190271752235,
		-0.35822773062834951,
		0.76417054360132119,
		0.0,
		-9.0548133006150824,
		-0.72877043392914942,
		30.987794129595727,
		1.0
	],
	"intrinsic" : 
	{
		"height" : 1061,
		"intrinsic_matrix" : 
		[
			918.85295341528945,
			0.0,
			0.0,
			0.0,
			918.85295341528945,
			0.0,
			959.5,
			530.0,
			1.0
		],
		"width" : 1920
	},
	"version_major" : 1,
	"version_minor" : 0
}