{
	"class_name" : "PinholeCameraParameters",
	"extrinsic" : 
	[
		0.41484984719137685,
		-0.47158516139597428,
		-0.77814332859469038,
		0.0,
		0.57397302627951918,
		0.7992150247679799,
		-0.17835444846890608,
		0.0,
		0.70601315100274287,
		-0.37264296549948472,
		0.60223139313301177,
		0.0,
		-12.40704419301492,
		-5.5327370094262642,
		13.119402358363805,
		1.0
	],
	"intrinsic" : 
	{
		"height" : 1061,
		"intrinsic_matrix" : 
		[
			918.85295341528945,
			0.0,
			0.0,
			0.0,
			918.85295341528945,
			0.0,
			959.5,
			530.0,
			1.0
		],
		"width" : 1920
	},
	"version_major" : 1,
	"version_minor" : 0
}